<?xml version="1.0"?>
<rss version="2.0"><channel><title>SimpleFeedMaker Feed</title><link>https://www.cnet.com/tech/</link><description>Custom feed generated by SimpleFeedMaker</description><lastBuildDate>Sat, 30 Aug 2025 16:04:35 +0000</lastBuildDate><item><title>5 Best VPNs 2025</title><link>https://www.cnet.com/tech/services-and-software/best-vpn/</link><description/><guid>https://www.cnet.com/tech/services-and-software/best-vpn/</guid></item><item><title>Best TV in 2025: Tested and Reviewed by TV Experts</title><link>https://www.cnet.com/tech/home-entertainment/best-tv/</link><description/><guid>https://www.cnet.com/tech/home-entertainment/best-tv/</guid></item><item><title>Best Live TV Streaming Service for Cord Cutters in 2025</title><link>https://www.cnet.com/tech/services-and-software/best-live-tv-streaming-service-for-cord-cutters/</link><description/><guid>https://www.cnet.com/tech/services-and-software/best-live-tv-streaming-service-for-cord-cutters/</guid></item><item><title>Best Streaming Services of 2025</title><link>https://www.cnet.com/tech/services-and-software/best-streaming-service/</link><description/><guid>https://www.cnet.com/tech/services-and-software/best-streaming-service/</guid></item><item><title>Best Wireless Earbuds of 2025 08/14/2025</title><link>https://www.cnet.com/tech/mobile/best-wireless-earbuds/</link><description/><guid>https://www.cnet.com/tech/mobile/best-wireless-earbuds/</guid></item><item><title>Best Live TV Streaming Service for Cord Cutters in 2025 07/18/2025</title><link>https://www.cnet.com/tech/services-and-software/best-live-tv-streaming-service-for-cord-cutters/</link><description/><guid>https://www.cnet.com/tech/services-and-software/best-live-tv-streaming-service-for-cord-cutters/</guid></item><item><title>Apple iPhone 16 and 16 Plus Review: Little Improvements Add Up 09/18/2024</title><link>https://www.cnet.com/tech/mobile/apple-iphone-16-and-16-plus-review-little-improvements-add-up/</link><description/><guid>https://www.cnet.com/tech/mobile/apple-iphone-16-and-16-plus-review-little-improvements-add-up/</guid></item><item><title>Best AirPods Deals Right Now 08/26/2025</title><link>https://www.cnet.com/deals/best-airpods-deals/</link><description/><guid>https://www.cnet.com/deals/best-airpods-deals/</guid></item><item><title>Want Longer iPhone Battery Life? Turn Off These 2 iOS Settings 08/29/2025</title><link>https://www.cnet.com/tech/mobile/turn-off-these-3-settings-now-to-make-your-iphone-battery-last-longer/</link><description/><guid>https://www.cnet.com/tech/mobile/turn-off-these-3-settings-now-to-make-your-iphone-battery-last-longer/</guid></item><item><title>ExpressVPN: Top Speeds and Transparency Efforts By Attila Tomaschek</title><link>https://www.cnet.com/tech/services-and-software/expressvpn-review/</link><description/><guid>https://www.cnet.com/tech/services-and-software/expressvpn-review/</guid></item></channel></rss>
