{
    "version": "https://jsonfeed.org/version/1",
    "title": "SimpleFeedMaker Feed",
    "home_page_url": "https://www.cnet.com/tech/",
    "description": "Custom feed generated by SimpleFeedMaker",
    "items": [
        {
            "id": "https://www.cnet.com/tech/services-and-software/best-vpn/",
            "url": "https://www.cnet.com/tech/services-and-software/best-vpn/",
            "title": "5 Best VPNs 2025",
            "content_text": "",
            "date_published": null
        },
        {
            "id": "https://www.cnet.com/tech/home-entertainment/best-tv/",
            "url": "https://www.cnet.com/tech/home-entertainment/best-tv/",
            "title": "Best TV in 2025: Tested and Reviewed by TV Experts",
            "content_text": "",
            "date_published": null
        },
        {
            "id": "https://www.cnet.com/tech/services-and-software/best-live-tv-streaming-service-for-cord-cutters/",
            "url": "https://www.cnet.com/tech/services-and-software/best-live-tv-streaming-service-for-cord-cutters/",
            "title": "Best Live TV Streaming Service for Cord Cutters in 2025",
            "content_text": "",
            "date_published": null
        },
        {
            "id": "https://www.cnet.com/tech/services-and-software/best-streaming-service/",
            "url": "https://www.cnet.com/tech/services-and-software/best-streaming-service/",
            "title": "Best Streaming Services of 2025",
            "content_text": "",
            "date_published": null
        },
        {
            "id": "https://www.cnet.com/tech/mobile/best-wireless-earbuds/",
            "url": "https://www.cnet.com/tech/mobile/best-wireless-earbuds/",
            "title": "Best Wireless Earbuds of 2025 08/14/2025",
            "content_text": "",
            "date_published": null
        },
        {
            "id": "https://www.cnet.com/tech/services-and-software/best-live-tv-streaming-service-for-cord-cutters/",
            "url": "https://www.cnet.com/tech/services-and-software/best-live-tv-streaming-service-for-cord-cutters/",
            "title": "Best Live TV Streaming Service for Cord Cutters in 2025 07/18/2025",
            "content_text": "",
            "date_published": null
        },
        {
            "id": "https://www.cnet.com/tech/mobile/apple-iphone-16-and-16-plus-review-little-improvements-add-up/",
            "url": "https://www.cnet.com/tech/mobile/apple-iphone-16-and-16-plus-review-little-improvements-add-up/",
            "title": "Apple iPhone 16 and 16 Plus Review: Little Improvements Add Up 09/18/2024",
            "content_text": "",
            "date_published": null
        },
        {
            "id": "https://www.cnet.com/deals/best-airpods-deals/",
            "url": "https://www.cnet.com/deals/best-airpods-deals/",
            "title": "Best AirPods Deals Right Now 08/26/2025",
            "content_text": "",
            "date_published": null
        },
        {
            "id": "https://www.cnet.com/tech/mobile/turn-off-these-3-settings-now-to-make-your-iphone-battery-last-longer/",
            "url": "https://www.cnet.com/tech/mobile/turn-off-these-3-settings-now-to-make-your-iphone-battery-last-longer/",
            "title": "Want Longer iPhone Battery Life? Turn Off These 2 iOS Settings 08/29/2025",
            "content_text": "",
            "date_published": null
        },
        {
            "id": "https://www.cnet.com/tech/services-and-software/expressvpn-review/",
            "url": "https://www.cnet.com/tech/services-and-software/expressvpn-review/",
            "title": "ExpressVPN: Top Speeds and Transparency Efforts By Attila Tomaschek",
            "content_text": "",
            "date_published": null
        }
    ]
}