<?xml version="1.0"?>
<rss version="2.0"><channel><title>SimpleFeedMaker Feed</title><link>https://www.cnet.com/ai-atlas/</link><description>Custom feed generated by SimpleFeedMaker</description><lastBuildDate>Sat, 30 Aug 2025 16:38:33 +0000</lastBuildDate><item><title>How to Create AI Images: A Complete Guide With Expert Advice</title><link>https://www.cnet.com/tech/services-and-software/how-to-create-ai-images-a-complete-guide-with-expert-advice/</link><description/><guid>https://www.cnet.com/tech/services-and-software/how-to-create-ai-images-a-complete-guide-with-expert-advice/</guid></item><item><title>Best AI Chatbots of 2025</title><link>https://www.cnet.com/tech/services-and-software/best-ai-chatbots/</link><description/><guid>https://www.cnet.com/tech/services-and-software/best-ai-chatbots/</guid></item><item><title>Best AI Image Generators of 2025</title><link>https://www.cnet.com/tech/services-and-software/best-ai-image-generators/</link><description/><guid>https://www.cnet.com/tech/services-and-software/best-ai-image-generators/</guid></item><item><title>Best AI Website Builder: Tried and Tested</title><link>https://www.cnet.com/tech/services-and-software/best-ai-website-builder/</link><description/><guid>https://www.cnet.com/tech/services-and-software/best-ai-website-builder/</guid></item><item><title>AI Essentials: We Found 29 Ways to Make Gen AI Work for You 07/05/2025</title><link>https://www.cnet.com/tech/services-and-software/features/ai-essentials-29-ways-to-make-gen-ai-work-for-you-according-to-our-experts/</link><description/><guid>https://www.cnet.com/tech/services-and-software/features/ai-essentials-29-ways-to-make-gen-ai-work-for-you-according-to-our-experts/</guid></item></channel></rss>
