{
    "version": "https://jsonfeed.org/version/1",
    "title": "SimpleFeedMaker Feed",
    "home_page_url": "https://www.cnet.com/tech/",
    "description": "Custom feed generated by SimpleFeedMaker",
    "items": [
        {
            "id": "https://www.cnet.com/tech/services-and-software/best-vpn/",
            "url": "https://www.cnet.com/tech/services-and-software/best-vpn/",
            "title": "5 Best VPNs 2025",
            "content_text": "",
            "date_published": null
        },
        {
            "id": "https://www.cnet.com/tech/home-entertainment/best-tv/",
            "url": "https://www.cnet.com/tech/home-entertainment/best-tv/",
            "title": "Best TV in 2025: Tested and Reviewed by TV Experts",
            "content_text": "",
            "date_published": null
        },
        {
            "id": "https://www.cnet.com/tech/services-and-software/best-live-tv-streaming-service-for-cord-cutters/",
            "url": "https://www.cnet.com/tech/services-and-software/best-live-tv-streaming-service-for-cord-cutters/",
            "title": "Best Live TV Streaming Service for Cord Cutters in 2025",
            "content_text": "",
            "date_published": null
        },
        {
            "id": "https://www.cnet.com/tech/services-and-software/best-streaming-service/",
            "url": "https://www.cnet.com/tech/services-and-software/best-streaming-service/",
            "title": "Best Streaming Services of 2025",
            "content_text": "",
            "date_published": null
        },
        {
            "id": "https://www.cnet.com/tech/mobile/best-wireless-earbuds/",
            "url": "https://www.cnet.com/tech/mobile/best-wireless-earbuds/",
            "title": "Best Wireless Earbuds of 2025 08/14/2025",
            "content_text": "",
            "date_published": null
        }
    ]
}