{
    "version": "https://jsonfeed.org/version/1",
    "title": "SimpleFeedMaker Feed",
    "home_page_url": "https://www.cnet.com/ai-atlas/",
    "description": "Custom feed generated by SimpleFeedMaker",
    "items": [
        {
            "id": "https://www.cnet.com/tech/services-and-software/how-to-create-ai-images-a-complete-guide-with-expert-advice/",
            "url": "https://www.cnet.com/tech/services-and-software/how-to-create-ai-images-a-complete-guide-with-expert-advice/",
            "title": "How to Create AI Images: A Complete Guide With Expert Advice",
            "content_text": "",
            "date_published": null
        },
        {
            "id": "https://www.cnet.com/tech/services-and-software/best-ai-chatbots/",
            "url": "https://www.cnet.com/tech/services-and-software/best-ai-chatbots/",
            "title": "Best AI Chatbots of 2025",
            "content_text": "",
            "date_published": null
        },
        {
            "id": "https://www.cnet.com/tech/services-and-software/best-ai-image-generators/",
            "url": "https://www.cnet.com/tech/services-and-software/best-ai-image-generators/",
            "title": "Best AI Image Generators of 2025",
            "content_text": "",
            "date_published": null
        },
        {
            "id": "https://www.cnet.com/tech/services-and-software/best-ai-website-builder/",
            "url": "https://www.cnet.com/tech/services-and-software/best-ai-website-builder/",
            "title": "Best AI Website Builder: Tried and Tested",
            "content_text": "",
            "date_published": null
        },
        {
            "id": "https://www.cnet.com/tech/services-and-software/features/ai-essentials-29-ways-to-make-gen-ai-work-for-you-according-to-our-experts/",
            "url": "https://www.cnet.com/tech/services-and-software/features/ai-essentials-29-ways-to-make-gen-ai-work-for-you-according-to-our-experts/",
            "title": "AI Essentials: We Found 29 Ways to Make Gen AI Work for You 07/05/2025",
            "content_text": "",
            "date_published": null
        }
    ]
}