<?xml version="1.0"?>
<rss version="2.0"><channel><title>SimpleFeedMaker Feed</title><link>https://thenewslog.org</link><description>Custom feed generated by SimpleFeedMaker</description><lastBuildDate>Sat, 30 Aug 2025 16:35:31 +0000</lastBuildDate><item><title>You can save up to $700 on my favorite Bluetti power stations for Labor Day Znet 25 minutes ago</title><link>https://www.zdnet.com/article/you-can-save-up-to-700-on-my-favorite-bluetti-power-stations-for-labor-day/</link><description/><guid>https://www.zdnet.com/article/you-can-save-up-to-700-on-my-favorite-bluetti-power-stations-for-labor-day/</guid></item><item><title>Sonos Labor Day sale: Get up to 25 percent off headphones and speakers Engadget 29 minutes ago</title><link>https://www.engadget.com/deals/sonos-labor-day-sale-get-up-to-25-percent-off-headphones-and-speakers-125211216.html?src=rss</link><description/><guid>https://www.engadget.com/deals/sonos-labor-day-sale-get-up-to-25-percent-off-headphones-and-speakers-125211216.html?src=rss</guid></item><item><title>Why AI Alone Fails at Large-Scale Code Modernization The News Stack 34 minutes ago</title><link>https://thenewstack.io/why-ai-alone-fails-at-large-scale-code-modernization/</link><description/><guid>https://thenewstack.io/why-ai-alone-fails-at-large-scale-code-modernization/</guid></item><item><title>Best Costco Labor Day deals 2025: 15+ sales up to $1,700 off Znet 40 minutes ago</title><link>https://www.zdnet.com/article/best-costco-labor-day-deals-2025/</link><description/><guid>https://www.zdnet.com/article/best-costco-labor-day-deals-2025/</guid></item><item><title>The 13+ best Walmart Labor Day deals 2025: Sales on Apple, Samsung, LG, and more Znet 49 minutes ago</title><link>https://www.zdnet.com/article/best-walmart-labor-day-deals-2025/</link><description/><guid>https://www.zdnet.com/article/best-walmart-labor-day-deals-2025/</guid></item><item><title>Best Labor Day smartwatch deals 2025: Sales on Apple, Google, and Samsung watches Znet 1 hour ago</title><link>https://www.zdnet.com/article/best-smartwatch-labor-day-deals-2025/</link><description/><guid>https://www.zdnet.com/article/best-smartwatch-labor-day-deals-2025/</guid></item><item><title>Best Labor Day TV deals 2025: Save almost 50% on Samsung, LG, and more Znet 1 hour ago</title><link>https://www.zdnet.com/article/best-tv-labor-day-deals/</link><description/><guid>https://www.zdnet.com/article/best-tv-labor-day-deals/</guid></item><item><title>The best Labor Day sales for 2025: Tech from Apple, Dyson, Sony and others is up to 50 percent off Engadget 1 hour ago</title><link>https://www.engadget.com/deals/the-best-labor-day-sales-for-2025-tech-from-apple-dyson-sony-and-others-is-up-to-50-percent-off-120049457.html?src=rss</link><description/><guid>https://www.engadget.com/deals/the-best-labor-day-sales-for-2025-tech-from-apple-dyson-sony-and-others-is-up-to-50-percent-off-120049457.html?src=rss</guid></item><item><title>Best Labor Day laptop deals 2025: Sales on Apple, Dell, Lenovo, and more Znet 1 hour ago</title><link>https://www.zdnet.com/article/best-laptop-labor-day-deals-2025/</link><description/><guid>https://www.zdnet.com/article/best-laptop-labor-day-deals-2025/</guid></item><item><title>Best Labor Day phone deals 2025: Save up to $300 on Samsung, Google, and more Znet 1 hour ago</title><link>https://www.zdnet.com/article/best-labor-day-phone-deals-2025/</link><description/><guid>https://www.zdnet.com/article/best-labor-day-phone-deals-2025/</guid></item></channel></rss>
