<?xml version="1.0"?>
<rss version="2.0"><channel><title>SimpleFeedMaker Feed</title><link>https://tidbits.com/</link><description>Custom feed generated by SimpleFeedMaker</description><lastBuildDate>Sat, 30 Aug 2025 17:37:33 +0000</lastBuildDate><item><title>9 comments</title><link>https://tidbits.com/2025/08/28/are-ai-subscription-models-sustainable/#discussion</link><description/><guid>https://tidbits.com/2025/08/28/are-ai-subscription-models-sustainable/#discussion</guid></item><item><title>Are AI Subscription Models Sustainable?</title><link>https://tidbits.com/2025/08/28/are-ai-subscription-models-sustainable/</link><description/><guid>https://tidbits.com/2025/08/28/are-ai-subscription-models-sustainable/</guid></item><item><title>9 comments</title><link>https://tidbits.com/2025/08/26/apple-awe-dropping-event-scheduled-for-9-september-2025/#discussion</link><description/><guid>https://tidbits.com/2025/08/26/apple-awe-dropping-event-scheduled-for-9-september-2025/#discussion</guid></item><item><title>Apple &#x201C;Awe Dropping&#x201D; Event Scheduled for 9 September 2025</title><link>https://tidbits.com/2025/08/26/apple-awe-dropping-event-scheduled-for-9-september-2025/</link><description/><guid>https://tidbits.com/2025/08/26/apple-awe-dropping-event-scheduled-for-9-september-2025/</guid></item><item><title>No comments</title><link>https://tidbits.com/2025/08/25/no-email-issue-on-30-may-2022-for-memorial-day-2-2/#discussion</link><description/><guid>https://tidbits.com/2025/08/25/no-email-issue-on-30-may-2022-for-memorial-day-2-2/#discussion</guid></item><item><title>No Email Issue on 1 September 2025 for Labor Day</title><link>https://tidbits.com/2025/08/25/no-email-issue-on-30-may-2022-for-memorial-day-2-2/</link><description/><guid>https://tidbits.com/2025/08/25/no-email-issue-on-30-may-2022-for-memorial-day-2-2/</guid></item><item><title>Lightroom Classic 14.5</title><link>https://tidbits.com/watchlist/lightroom-classic-14-5/</link><description/><guid>https://tidbits.com/watchlist/lightroom-classic-14-5/</guid></item><item><title>Carbon Copy Cloner 7.1.2</title><link>https://tidbits.com/watchlist/carbon-copy-cloner-7-1-2/</link><description/><guid>https://tidbits.com/watchlist/carbon-copy-cloner-7-1-2/</guid></item><item><title>Mimestream 1.8</title><link>https://tidbits.com/watchlist/mimestream-1-8/</link><description/><guid>https://tidbits.com/watchlist/mimestream-1-8/</guid></item><item><title>Airfoil 5.12.5</title><link>https://tidbits.com/watchlist/airfoil-5-12-5/</link><description/><guid>https://tidbits.com/watchlist/airfoil-5-12-5/</guid></item></channel></rss>
